{"flutter":{"platforms":{"android":{"default":{"projectId":"service-733e2","appId":"1:423974255636:android:06f9a4d9ac6096c58f3b01","fileOutput":"android/app/google-services.json"}},"ios":{"default":{"projectId":"service-733e2","appId":"1:423974255636:ios:3e5c5cdd0e4ec4e38f3b01","uploadDebugSymbols":false,"fileOutput":"ios/Runner/GoogleService-Info.plist"}},"dart":{"lib/firebase_options.dart":{"projectId":"service-733e2","configurations":{"android":"1:423974255636:android:06f9a4d9ac6096c58f3b01","ios":"1:423974255636:ios:3e5c5cdd0e4ec4e38f3b01"}}}}}}