{
  "project_info": {
    "project_number": "423974255636",
    "project_id": "service-733e2",
    "storage_bucket": "service-733e2.firebasestorage.app"
  },
  "client": [
    {
      "client_info": {
        "mobilesdk_app_id": "1:423974255636:android:06f9a4d9ac6096c58f3b01",
        "android_client_info": {
          "package_name": "com.harfi.harfi"
        }
      },
      "oauth_client": [],
      "api_key": [
        {
          "current_key": "AIzaSyCkYI4FdO5b62GYqRYCMDKort-JKeCzc10"
        }
      ],
      "services": {
        "appinvite_service": {
          "other_platform_oauth_client": []
        }
      }
    }
  ],
  "configuration_version": "1"
}